id;endereco;cep;cidade;bairro
1;Steel Music concept;Intelligent Steel Ball Pula;Rubber SCSI;Cordoba Oro Isle
2;cyan;Towels;Chair;Forward red
3;azure vortals;Assistant application enterprise;Credit Card Account;systems
4;Small Granite Chair;parsing Avon Expressway;XSS Metal;matrix Home Loan Account
5;Implementation expedite;supply-chains Principal;payment Arizona;Analyst invoice generate
6;Nebraska;Liaison;expedite;Health Montana
7;Passage metrics;Infrastructure Generic Keyboard;Place superstructure;SCSI withdrawal Lock
8;programming Fantastic Functionality;artificial intelligence;white;brand
9;Alley synthesize;Auto Loan Account deposit mission-critical;Sausages;Vietnam Sleek Frozen Bacon Brunei Dollar
10;Berkshire system solid state;parse primary;Lights;invoice Lesotho
